{"acc": 0.008849557522123894, "loss": 320.44412565231323, "_timestamp": 1681169737.489124, "_runtime": 1564.933352947235, "_step": 9, "_wandb": {"runtime": 1563}}