{"acc": 0.7969101544922754, "loss": 1.4654059233143926, "_timestamp": 1681506598.16169, "_runtime": 4767.9204750061035, "_step": 9, "_wandb": {"runtime": 4766}}