{"acc": 0.008999550022498875, "loss": 246.3490972518921, "_timestamp": 1681758051.2822213, "_runtime": 10914.552480220795, "_step": 11, "Train Accuracy": 0.01125070316894806, "Test Accuracy": 0.005247376311844078, "_wandb": {"runtime": 10913}}