{"acc": 0.020998950052497377, "loss": 305.22855830192566, "_timestamp": 1681171352.46059, "_runtime": 1519.8548419475555, "_step": 9, "_wandb": {"runtime": 1519}}