{"acc": 1.0, "loss": 0.12387809695792384, "_timestamp": 1681175805.7157712, "_runtime": 3465.430000305176, "_step": 9, "_wandb": {"runtime": 3464}}