{"acc": 0.006899655017249137, "loss": 246.85187697410583, "_timestamp": 1681774690.5280316, "_runtime": 8517.298726558685, "_step": 0}