{"acc": 0.006449677516124194, "loss": 167.24827710787454, "_timestamp": 1681167341.1513932, "_runtime": 168.23828721046448, "_step": 0, "_wandb": {"runtime": 167}}