{"acc": 0.2695365231738413, "loss": 124.02029472589493, "_timestamp": 1681836712.7180886, "_runtime": 7326.319572687149, "_step": 6}