{"acc": 0.7858107094645268, "loss": 3.2025869317585602, "_timestamp": 1681518833.129889, "_runtime": 8469.341725111008, "_step": 24, "_wandb": {"runtime": 8468}}