{"acc": 0.00599970001499925, "loss": 320.44456362724304, "_timestamp": 1681167970.8444176, "_runtime": 428.80136251449585, "_step": 2, "_wandb": {"runtime": 513}}