{"acc": 0.007649617519124044, "loss": 246.4305820465088, "_timestamp": 1681793807.3973415, "_runtime": 13639.874551534653, "_step": 1, "_wandb": {"runtime": 49168}}