{"acc": 0.7993100344982751, "loss": 1.2021734802983701, "_timestamp": 1681500983.65972, "_runtime": 4190.91699886322, "_step": 9, "_wandb": {"runtime": 4190}}