{"acc": 0.4117294135293235, "loss": 105.75738024711609, "_timestamp": 1681510246.524246, "_runtime": 1687.8240358829498, "_step": 4, "_wandb": {"runtime": 1792}}